model,task,frozen,task_finetuned,relative_change_percent
chronos2,Australia_Solar/H/long,1.2377371271489037,1.1064721737122025,-10.605236811395224
chronos2,Australia_Solar/H/medium,1.204338828113628,1.1150745472408796,-7.411890971958801
chronos2,Australia_Solar/H/short,1.093029649033253,1.023297352531444,-6.379725981219709
chronos2,Auto_Production_SF/M/short,0.6043605475858413,0.6816615910170745,12.79055089549066
chronos2,CPHL/15T/long,1.1569175338572653,1.1932587144034017,3.1412075176155074
chronos2,CPHL/15T/medium,1.0652255105006003,1.0915832335382976,2.4743796292777898
chronos2,CPHL/15T/short,0.6512084034917712,0.6508972908208673,-0.0477746707867599
chronos2,CPHL/30T/long,1.7964635237217261,1.7691770716972228,-1.5188981943799251
chronos2,CPHL/30T/medium,1.5182478428276724,1.4953578675134633,-1.5076573579434482
chronos2,CPHL/30T/short,1.3695101582901847,1.3640497560589149,-0.39871206490991185
chronos2,CPHL/H/long,2.139118123635133,2.0411157427011775,-4.5814384839774185
chronos2,CPHL/H/medium,1.8356686518765377,1.7787742255314007,-3.0993843190041837
chronos2,CPHL/H/short,1.2422315245199103,1.2435850914634334,0.10896253369887532
chronos2,Coastal_T_S/15T/long,1.3934309293240545,1.3800846286066428,-0.9578013833729027
chronos2,Coastal_T_S/15T/medium,1.2529514234576489,1.2544911197051654,0.12288554996549017
chronos2,Coastal_T_S/15T/short,1.1295658841221838,1.1306119227957827,0.09260537063862095
chronos2,Coastal_T_S/20T/long,1.6549054876483558,1.6774695496210201,1.3634652940046843
chronos2,Coastal_T_S/20T/medium,1.0186017434426982,1.001123587788164,-1.7158968916998973
chronos2,Coastal_T_S/20T/short,0.450988283477043,0.4383040189259856,-2.8125485773740966
chronos2,Coastal_T_S/H/long,2.317674933329153,2.276393626978402,-1.7811516946189432
chronos2,Coastal_T_S/H/medium,1.6217608828563241,1.5939528324419425,-1.7146825224569895
chronos2,Coastal_T_S/H/short,0.916907841976653,0.9289200887311707,1.3100822355954556
chronos2,Commodity_Import/M/short,1.4590158266297066,1.4217908169212259,-2.551378061091336
chronos2,Commodity_Production/M/short,0.9052349143352917,0.885289605648023,-2.203329585659486
chronos2,Crypto/D/short,6.414713958414154,6.422221323529509,0.11703351332614798
chronos2,ECDC_COVID/D/short,3.251070446576679,3.0815063357705146,-5.215639389934246
chronos2,ECDC_COVID/W/short,1.4613552982384173,1.5850436444511558,8.463947567154806
chronos2,EWELD_Load/15T/long,0.7570063801041875,0.727324610421231,-3.9209404917923463
chronos2,EWELD_Load/15T/medium,0.6378522468638873,0.6197368553048844,-2.8400607896374774
chronos2,EWELD_Load/15T/short,0.5334183586079014,0.5318365362403483,-0.29654441809638943
chronos2,Finland_Traffic/15T/long,0.592638224850232,0.5647687939937126,-4.702604335648852
chronos2,Finland_Traffic/15T/medium,0.535810728486409,0.5277809170993715,-1.4986283327548588
chronos2,Finland_Traffic/15T/short,0.40220358603870454,0.3932754995348193,-2.219792864558423
chronos2,Global_Influenza/W/short,2.7027385121311647,2.6185104382881335,-3.1163974415199913
chronos2,Global_Price/Q/short,1.5800589854703866,1.5545907801622967,-1.6118515537891787
chronos2,Housing_Inventory/M/short,0.5629531221029819,0.6962287691407236,23.674377457908726
chronos2,JOLTS/M/short,1.034014653679809,1.031423069625313,-0.2506332038209602
chronos2,Job_Claims/W/short,3.1948713277732175,2.7326104346565705,-14.468842269113747
chronos2,MetroPT-3/5T/long,0.6642965187537482,0.661575294488008,-0.40964000095098374
chronos2,MetroPT-3/5T/medium,0.6476133076449523,0.6458413385818876,-0.2736152951378412
chronos2,MetroPT-3/5T/short,0.6109562803683589,0.6081408026704685,-0.4608312883194965
chronos2,NE_China_Wind/H/long,1.1842643598823355,1.1696478314882905,-1.2342285125845676
chronos2,NE_China_Wind/H/medium,0.8980169989362903,0.8912351620758999,-0.7552013902212829
chronos2,NE_China_Wind/H/short,0.504153017649442,0.5092656199442918,1.0140973307442902
chronos2,Oil_Price/B/short,1.3665025171338467,1.3756175866101084,0.6670364204948376
chronos2,Online_Retail_2_UCI/D/short,0.6092702040045644,0.6117784690428875,0.41168352265330554
chronos2,OpenElectricity_NEM/5T/long,0.7347155204160645,0.7078284180225056,-3.6595255777818414
chronos2,OpenElectricity_NEM/5T/medium,0.5803601222516079,0.5717848991738453,-1.4775693141171553
chronos2,OpenElectricity_NEM/5T/short,0.3869694150316232,0.38507318416706965,-0.49002086234607445
chronos2,Port_Activity/D/short,0.6583469204075546,0.6572047357848197,-0.17349281774231562
chronos2,Port_Activity/W/short,0.7792197527237514,0.7758789240369904,-0.4287402462634149
chronos2,SG_Carpark/15T/long,0.7260138613023388,0.6931552937392954,-4.525887082114521
chronos2,SG_Carpark/15T/medium,0.5286342032168719,0.5079561892696485,-3.9115921409156984
chronos2,SG_Carpark/15T/short,0.37005611753661344,0.366016975116436,-1.0914945676523846
chronos2,SG_PM25/H/long,0.9632786476356798,0.9532473105197131,-1.041374387420313
chronos2,SG_PM25/H/medium,0.9340346189002265,0.9242047645045018,-1.0524079297295041
chronos2,SG_PM25/H/short,0.8815383692649367,0.8743093262593813,-0.8200485943207769
chronos2,SG_Weather/D/long,0.8987506937939559,0.8993731908468029,0.06926248370604515
chronos2,SG_Weather/D/medium,0.884970601982409,0.8844051368584819,-0.06389648680537041
chronos2,SG_Weather/D/short,0.8502706336047247,0.8512606215666432,0.1164321008854996
chronos2,Smart_Manufacturing/H/long,0.711018864221271,0.7105711954793239,-0.06296158435085131
chronos2,Smart_Manufacturing/H/medium,0.7114699311903527,0.711006081377993,-0.06519598257421766
chronos2,Smart_Manufacturing/H/short,0.711764239964518,0.7112170647383675,-0.07687590854209558
chronos2,Supply_Chain_Customer/D/short,0.5576402428108197,0.5491419440805095,-1.5239751506229138
chronos2,Supply_Chain_Location/D/short,0.6095078929068667,0.6039278182960537,-0.9155048975986957
chronos2,US_Labor/M/short,0.8665250903494667,0.9356941283667725,7.982346822688102
chronos2,US_Term_Structure/B/short,1.4983434000012559,1.4942098567604294,-0.2758742248821666
chronos2,Uncertainty_1M/M/short,0.33200175598340054,0.33733617935853744,1.6067455304072498
chronos2,Vehicle_Sales/M/short,0.823606549639237,0.8277950037859471,0.508550368928562
chronos2,Vehicle_Supply/M/short,0.8042213643237469,0.8150626926510988,1.3480527636154038
chronos2,WUI_Global/Q/short,0.9822384176089277,0.962914229392592,-1.9673622890231446
chronos2,Water_Quality_Darwin/15T/long,1.3525939885798965,1.3464677159619143,-0.45292768337780176
chronos2,Water_Quality_Darwin/15T/medium,0.8815112751312864,0.8535319610182224,-3.174016589736406
chronos2,Water_Quality_Darwin/15T/short,0.6095422683374909,0.5942046167633899,-2.5162572590632704
chronos2,azure2019_U/5T/short,0.6571249710943114,0.6542454821116102,-0.4381950328118056
chronos2,current_velocity/10T/long,0.9351213693475997,0.9003397907565849,-3.7194721167885025
chronos2,current_velocity/10T/medium,0.6911431751988615,0.6821695688121326,-1.2983715543667063
chronos2,current_velocity/10T/short,0.5283046490793603,0.5297639262563265,0.276218878540857
chronos2,current_velocity/15T/long,0.8343731434228315,0.8397307639858987,0.6421132565567422
chronos2,current_velocity/15T/medium,0.7292408432510908,0.726562493700284,-0.3672791472932646
chronos2,current_velocity/15T/short,0.5023035755591049,0.5010281312075017,-0.2539190269915004
chronos2,current_velocity/5T/long,0.8300299590984856,0.7500493116079562,-9.635874779435461
chronos2,current_velocity/5T/medium,0.5819090237846842,0.562621369635758,-3.3145480411149175
chronos2,current_velocity/5T/short,0.36774959727758433,0.36429535015510955,-0.9392932441112722
chronos2,current_velocity/H/long,1.3405691348227926,1.2861782579297465,-4.057297417953453
chronos2,current_velocity/H/medium,1.1527019569841095,1.1357501750314567,-1.4706127503248845
chronos2,current_velocity/H/short,0.7026019814190542,0.6968203886647472,-0.8228830699608669
chronos2,epf_electricity_price/H/long,1.3994283932806775,1.3496688743051761,-3.5557031152448015
chronos2,epf_electricity_price/H/medium,1.2097578854073123,1.1787720335696186,-2.5613267093738457
chronos2,epf_electricity_price/H/short,0.9582914661162995,0.9447055286820978,-1.4177249735158215
chronos_bolt,Australia_Solar/H/long,1.201433095397955,1.1383448902283317,-5.251079349426979
chronos_bolt,Australia_Solar/H/medium,1.1872985757691956,1.1102861564704405,-6.486356580429852
chronos_bolt,Australia_Solar/H/short,1.1027190805159282,1.0100902408941679,-8.400039616474409
chronos_bolt,Auto_Production_SF/M/short,1.0324059356330573,0.9399348421402365,-8.956854111471069
chronos_bolt,CPHL/15T/long,1.202757658522571,1.1301553953259655,-6.036316849213641
chronos_bolt,CPHL/15T/medium,1.063731269260882,1.0583406469437382,-0.5067654277841616
chronos_bolt,CPHL/15T/short,0.6561104828324199,0.6548080986255853,-0.19850074658344097
chronos_bolt,CPHL/30T/long,1.915943445285441,1.829916147808267,-4.490074990932591
chronos_bolt,CPHL/30T/medium,1.5695327977810325,1.4689195771218169,-6.410393003667092
chronos_bolt,CPHL/30T/short,1.4040590012176901,1.3476206879482107,-4.01965396187286
chronos_bolt,CPHL/H/long,2.1537965293959545,2.196192459029313,1.9684277996886212
chronos_bolt,CPHL/H/medium,1.9464693816144993,1.940116145002557,-0.32639797327161935
chronos_bolt,CPHL/H/short,1.3161022720607864,1.34780918478709,2.4091526471309965
chronos_bolt,Coastal_T_S/15T/long,1.3758702976807862,1.4038420392497912,2.033021689337655
chronos_bolt,Coastal_T_S/15T/medium,1.2546876261055881,1.2607549085588414,0.4835691631139616
chronos_bolt,Coastal_T_S/15T/short,1.1376097260761215,1.1381220893967587,0.04503858475299882
chronos_bolt,Coastal_T_S/20T/long,2.370452159975281,1.66356272483672,-29.82086907613155
chronos_bolt,Coastal_T_S/20T/medium,1.7547625775404287,1.0974321142053913,-37.45979494595718
chronos_bolt,Coastal_T_S/20T/short,0.6111657657514479,0.5281182854774369,-13.588372406936344
chronos_bolt,Coastal_T_S/H/long,2.403045754769006,2.3660643156989756,-1.5389402801273433
chronos_bolt,Coastal_T_S/H/medium,1.7441215689298861,1.6747719621067434,-3.9761911129676863
chronos_bolt,Coastal_T_S/H/short,0.9819446102360203,0.9510538181439068,-3.145879285868136
chronos_bolt,Commodity_Import/M/short,1.5321493241893407,1.6274675213490255,6.221208054255256
chronos_bolt,Commodity_Production/M/short,0.9385643443199687,0.9273829355643015,-1.1913310817031508
chronos_bolt,Crypto/D/short,6.650599570107343,7.727127362456709,16.18692842654472
chronos_bolt,ECDC_COVID/D/short,3.5290621766358514,2.8479713967703395,-19.299483709147204
chronos_bolt,ECDC_COVID/W/short,1.3582147439686962,2.0083325053382772,47.86560919445921
chronos_bolt,EWELD_Load/15T/long,0.7765424340476196,0.7151814930097905,-7.901814292104259
chronos_bolt,EWELD_Load/15T/medium,0.6761916524906441,0.6666140160981643,-1.4164085518065916
chronos_bolt,EWELD_Load/15T/short,0.5701567473339969,0.557572942676984,-2.2070780913939325
chronos_bolt,Finland_Traffic/15T/long,0.6364014052199654,0.628436806360257,-1.2515055426308264
chronos_bolt,Finland_Traffic/15T/medium,0.5966518606321104,0.5743828220697784,-3.7323337161371595
chronos_bolt,Finland_Traffic/15T/short,0.4453276439781981,0.4283549668983353,-3.81127857418474
chronos_bolt,Global_Influenza/W/short,2.8883878965894034,2.4850845794842513,-13.96292089374045
chronos_bolt,Global_Price/Q/short,1.568476814976055,1.561311020000786,-0.4568633024631841
chronos_bolt,Housing_Inventory/M/short,0.5280441169302251,1.0381391632914307,96.6008388326782
chronos_bolt,JOLTS/M/short,1.0554442345222514,1.0597622094195074,0.4091144520970813
chronos_bolt,Job_Claims/W/short,4.146792423445997,3.411411408213296,-17.733731041728806
chronos_bolt,MetroPT-3/5T/long,0.6948385512866067,0.6945043823347419,-0.04809303560460165
chronos_bolt,MetroPT-3/5T/medium,0.6855808121071627,0.679754618271893,-0.8498186840093513
chronos_bolt,MetroPT-3/5T/short,0.6495314528462581,0.644481812934115,-0.7774280814293988
chronos_bolt,NE_China_Wind/H/long,1.2605794159420194,1.2951692423487935,2.743962496081642
chronos_bolt,NE_China_Wind/H/medium,0.9416772952210544,0.9735126509535938,3.3807075835959655
chronos_bolt,NE_China_Wind/H/short,0.5332655695042804,0.5197430894398791,-2.5357872020448813
chronos_bolt,Oil_Price/B/short,1.4220399167619129,1.4553646162025031,2.343443320246097
chronos_bolt,Online_Retail_2_UCI/D/short,0.6195295273705109,0.6704333994358143,8.216536874579038
chronos_bolt,OpenElectricity_NEM/5T/long,0.8973124139723339,0.7963629539785094,-11.250202094823237
chronos_bolt,OpenElectricity_NEM/5T/medium,0.7173457193842074,0.6509423062258934,-9.256821552558625
chronos_bolt,OpenElectricity_NEM/5T/short,0.4592765389405014,0.4239642148521183,-7.688684505819654
chronos_bolt,Port_Activity/D/short,0.6620004590700727,0.6608149468090263,-0.1790802777858591
chronos_bolt,Port_Activity/W/short,0.7834238254070143,0.7644808692843456,-2.4179703895049753
chronos_bolt,SG_Carpark/15T/long,0.9706198084737081,0.8508482982199442,-12.339693586318168
chronos_bolt,SG_Carpark/15T/medium,0.6110573650229993,0.5689093363082715,-6.897556780637359
chronos_bolt,SG_Carpark/15T/short,0.4072201716031196,0.40311584179899695,-1.0078896111567759
chronos_bolt,SG_PM25/H/long,0.986290593765298,0.9525202374162363,-3.423976317176347
chronos_bolt,SG_PM25/H/medium,0.9729665055239514,0.924705620043391,-4.960179534091102
chronos_bolt,SG_PM25/H/short,0.9000802176062008,0.8721414042442699,-3.104035930956839
chronos_bolt,SG_Weather/D/long,0.929740208284082,0.9151935753724226,-1.5645911386909295
chronos_bolt,SG_Weather/D/medium,0.91197065667502,0.9007737252150907,-1.2277732159445276
chronos_bolt,SG_Weather/D/short,0.8705035530475903,0.8641822468144319,-0.7261666205758521
chronos_bolt,Smart_Manufacturing/H/long,0.7137246909378747,0.7133787592272064,-0.048468508244225994
chronos_bolt,Smart_Manufacturing/H/medium,0.7140192443571027,0.7134518702319065,-0.07946202146233983
chronos_bolt,Smart_Manufacturing/H/short,0.7166630904284058,0.7121372546514373,-0.6315151202028635
chronos_bolt,Supply_Chain_Customer/D/short,0.6131470452098579,0.5568653849643431,-9.179145636468256
chronos_bolt,Supply_Chain_Location/D/short,0.6500187660270202,0.6109190602344806,-6.015165689987834
chronos_bolt,US_Labor/M/short,0.9463635926579014,1.1218666655497305,18.544994149544735
chronos_bolt,US_Term_Structure/B/short,1.5723117469490717,1.6458217823787924,4.675283738887037
chronos_bolt,Uncertainty_1M/M/short,0.4150857018112084,0.37669753804469025,-9.248250084021947
chronos_bolt,Vehicle_Sales/M/short,0.7724283399332624,0.9045088209438696,17.099383099022347
chronos_bolt,Vehicle_Supply/M/short,0.8110848101719922,0.9015194782445469,11.149841168074381
chronos_bolt,WUI_Global/Q/short,0.9984850204930568,0.961314194358448,-3.7227224617003896
chronos_bolt,Water_Quality_Darwin/15T/long,1.4995830492022377,1.4512407645598728,-3.22371506320257
chronos_bolt,Water_Quality_Darwin/15T/medium,0.9366178700006613,0.8771721678838224,-6.3468468861048954
chronos_bolt,Water_Quality_Darwin/15T/short,0.6716427228108365,0.6211935137798094,-7.511316257532918
chronos_bolt,azure2019_U/5T/short,0.7729739695312635,0.7393015423707419,-4.356217477923718
chronos_bolt,current_velocity/10T/long,1.3770162878763152,1.0683973518187793,-22.412148554429912
chronos_bolt,current_velocity/10T/medium,1.002804784178818,0.7636838429867304,-23.845213441806635
chronos_bolt,current_velocity/10T/short,0.6437833342152073,0.5703449511471833,-11.407313480326064
chronos_bolt,current_velocity/15T/long,0.9309765491333069,0.8876584227835936,-4.652977176497119
chronos_bolt,current_velocity/15T/medium,0.7820132133808707,0.7449538054695652,-4.738974646104365
chronos_bolt,current_velocity/15T/short,0.526443918550143,0.5188606232181329,-1.4404754361860617
chronos_bolt,current_velocity/5T/long,1.0664660027087778,0.7387483627378055,-30.729309620614586
chronos_bolt,current_velocity/5T/medium,0.732340623550814,0.6023169697704132,-17.754532467415284
chronos_bolt,current_velocity/5T/short,0.4309424108512903,0.3841600155307352,-10.855834594729362
chronos_bolt,current_velocity/H/long,1.626693758423061,1.3980433283597367,-14.056144795501101
chronos_bolt,current_velocity/H/medium,1.4834480338430602,1.2163472859736928,-18.005399702300938
chronos_bolt,current_velocity/H/short,0.8281138846163344,0.7476519392741577,-9.716289852989812
chronos_bolt,epf_electricity_price/H/long,1.46963057387781,1.3677500350304592,-6.932391082374245
chronos_bolt,epf_electricity_price/H/medium,1.2501886179440798,1.1882469253055299,-4.954587791753551
chronos_bolt,epf_electricity_price/H/short,0.9865224271113764,0.9694196733397628,-1.733640645321366
ts_icl,Australia_Solar/H/long,1.112434087843001,1.1091094545595137,-0.2988611478037084
ts_icl,Australia_Solar/H/medium,1.1412646224952678,1.1356712808549054,-0.49010032643727053
ts_icl,Australia_Solar/H/short,1.0643250892617402,1.0585286418276172,-0.544612495994401
ts_icl,Auto_Production_SF/M/short,0.8833127368059295,0.8801614127118864,-0.3567619895800789
ts_icl,CPHL/15T/long,1.1912087384583099,1.1766792699840636,-1.2197248060025756
ts_icl,CPHL/15T/medium,1.0817674125393566,1.080796691964128,-0.08973468455200084
ts_icl,CPHL/15T/short,0.6590309165504941,0.6573972329996548,-0.247891792298649
ts_icl,CPHL/30T/long,1.8205185491329832,1.8155352753438752,-0.2737282622844672
ts_icl,CPHL/30T/medium,1.5526134931628681,1.5464735673592487,-0.39545745484355077
ts_icl,CPHL/30T/short,1.3879678391156476,1.3822516914103,-0.41183574606380446
ts_icl,CPHL/H/long,2.0108007570754864,2.0137135751568427,0.14485861272464096
ts_icl,CPHL/H/medium,1.8097602851403476,1.8097183177328313,-0.002318948418800204
ts_icl,CPHL/H/short,1.240243358267793,1.2417333946945646,0.12014064956191728
ts_icl,Coastal_T_S/15T/long,1.3953221394060837,1.3968877436097655,0.11220378143990128
ts_icl,Coastal_T_S/15T/medium,1.2690629646466267,1.2695656617680684,0.03961167691799439
ts_icl,Coastal_T_S/15T/short,1.1428908673139246,1.1416188312519147,-0.1112998710891433
ts_icl,Coastal_T_S/20T/long,1.746738194256302,1.7258474756829745,-1.1959845294515992
ts_icl,Coastal_T_S/20T/medium,1.249674347132815,1.2363275375499592,-1.068023010432928
ts_icl,Coastal_T_S/20T/short,0.5645352386431445,0.5486006214354562,-2.8226080706648227
ts_icl,Coastal_T_S/H/long,2.3336935106862993,2.319244225036421,-0.6191595247496351
ts_icl,Coastal_T_S/H/medium,1.637961177550884,1.6288294170325277,-0.5575077507032455
ts_icl,Coastal_T_S/H/short,0.9437669967072678,0.9429778918643996,-0.08361225234844172
ts_icl,Commodity_Import/M/short,1.426445685398948,1.4158838178729802,-0.740432505357802
ts_icl,Commodity_Production/M/short,0.9422205607088643,0.9351111733093138,-0.7545353705932567
ts_icl,Crypto/D/short,6.398672126021581,6.408418535768804,0.15231925554657355
ts_icl,ECDC_COVID/D/short,3.2760216772323703,3.2708994141903274,-0.15635620110945325
ts_icl,ECDC_COVID/W/short,1.8728634975946643,1.877511295055414,0.2481653076542356
ts_icl,EWELD_Load/15T/long,0.757933357054495,0.7556964492911429,-0.2951325129751936
ts_icl,EWELD_Load/15T/medium,0.6499942192836267,0.648894813297386,-0.16914088673778416
ts_icl,EWELD_Load/15T/short,0.5592457140264224,0.5583675940103894,-0.15701864028797585
ts_icl,Finland_Traffic/15T/long,0.6049253900009155,0.611632120351068,1.108687196968594
ts_icl,Finland_Traffic/15T/medium,0.5187532177384274,0.522737430818666,0.7680363116798095
ts_icl,Finland_Traffic/15T/short,0.4363837175811098,0.43134810975191257,-1.1539403571493856
ts_icl,Global_Influenza/W/short,2.968530838215052,2.9610023041965214,-0.25361144717153117
ts_icl,Global_Price/Q/short,1.5345163921503744,1.5470107135636582,0.8142188299321562
ts_icl,Housing_Inventory/M/short,0.519415995523202,0.521088829492616,0.32206054180696775
ts_icl,JOLTS/M/short,1.0651837489836085,1.066960272182521,0.16678091461757028
ts_icl,Job_Claims/W/short,2.8235117450947285,2.7998714652417505,-0.8372651501821538
ts_icl,MetroPT-3/5T/long,0.697973173393133,0.6957891243790761,-0.3129130312328976
ts_icl,MetroPT-3/5T/medium,0.6798451812825248,0.6786254743207012,-0.17940951784384263
ts_icl,MetroPT-3/5T/short,0.6434261127471408,0.6432645881169842,-0.025103835072370906
ts_icl,NE_China_Wind/H/long,1.184444580234607,1.1808806359015218,-0.30089582852237395
ts_icl,NE_China_Wind/H/medium,0.889811379680544,0.8905623991104197,0.0844020931880296
ts_icl,NE_China_Wind/H/short,0.5100681347764071,0.5113431677952727,0.24997307848382277
ts_icl,Oil_Price/B/short,1.3435008762145169,1.3351069777902789,-0.624778038693119
ts_icl,Online_Retail_2_UCI/D/short,0.644110333658554,0.6364344886246522,-1.1916972345875632
ts_icl,OpenElectricity_NEM/5T/long,0.7907008684886724,0.7868021968113315,-0.49306530860308007
ts_icl,OpenElectricity_NEM/5T/medium,0.6449029179241398,0.6402772596379078,-0.7172642823700337
ts_icl,OpenElectricity_NEM/5T/short,0.4241598056701086,0.42054114773353407,-0.8531355135967145
ts_icl,Port_Activity/D/short,0.6636159462695193,0.6621873729419733,-0.21527109702179636
ts_icl,Port_Activity/W/short,0.7878643592183598,0.7870645758827428,-0.1015128208630367
ts_icl,SG_Carpark/15T/long,0.8407709155683114,0.838869419719242,-0.22616099271037804
ts_icl,SG_Carpark/15T/medium,0.6267502321514239,0.6186428497036971,-1.293558746663226
ts_icl,SG_Carpark/15T/short,0.4055956497435856,0.4042265185204749,-0.3375606281714849
ts_icl,SG_PM25/H/long,0.9583205864623097,0.9558470757376037,-0.2581089000536885
ts_icl,SG_PM25/H/medium,0.9303732921868111,0.9293642486246335,-0.10845577475744328
ts_icl,SG_PM25/H/short,0.8773548752208157,0.8768278571651112,-0.060068972155857825
ts_icl,SG_Weather/D/long,0.9064737909955272,0.9066534067400569,0.0198147752658695
ts_icl,SG_Weather/D/medium,0.8958595179797237,0.8956736811580239,-0.020743969112357874
ts_icl,SG_Weather/D/short,0.8538191570818253,0.8537098658973586,-0.012800273167934417
ts_icl,Smart_Manufacturing/H/long,0.7116831869990798,0.7115101851827216,-0.02430882442056026
ts_icl,Smart_Manufacturing/H/medium,0.7121692492493292,0.7119517481401901,-0.030540648780941204
ts_icl,Smart_Manufacturing/H/short,0.7122914326225457,0.7121389462176754,-0.021407867326006524
ts_icl,Supply_Chain_Customer/D/short,0.6099946202120283,0.5991799155399646,-1.7729180411959367
ts_icl,Supply_Chain_Location/D/short,0.6594302215265823,0.6473086882607171,-1.8381828539498546
ts_icl,US_Labor/M/short,0.8894946186201814,0.884592746634551,-0.5510850636999187
ts_icl,US_Term_Structure/B/short,1.5298359826223662,1.5199115760095512,-0.6487235707322792
ts_icl,Uncertainty_1M/M/short,0.34658902070398,0.34568374386001066,-0.261196053507573
ts_icl,Vehicle_Sales/M/short,0.7954957586106187,0.7963526426787335,0.10771698765703608
ts_icl,Vehicle_Supply/M/short,0.7929232236339933,0.7935217090736377,0.07547835929204716
ts_icl,WUI_Global/Q/short,0.9638907561105797,0.9650304143298132,0.11823520580611646
ts_icl,Water_Quality_Darwin/15T/long,1.4834560989986514,1.479543973460497,-0.2637169742195411
ts_icl,Water_Quality_Darwin/15T/medium,1.002496254804139,0.9915694377462233,-1.08996088569433
ts_icl,Water_Quality_Darwin/15T/short,0.6738336278843646,0.6691880782065254,-0.6894208726900275
ts_icl,azure2019_U/5T/short,0.6951977394287573,0.6943296289492848,-0.1248724543013835
ts_icl,current_velocity/10T/long,1.0619941114560225,1.054222143801683,-0.7318277540808493
ts_icl,current_velocity/10T/medium,0.7731532103735458,0.7700938474627174,-0.39569943832352683
ts_icl,current_velocity/10T/short,0.5854980337625587,0.5816907710676065,-0.6502605432311737
ts_icl,current_velocity/15T/long,0.8639502504889812,0.8613238726144131,-0.3039964249193283
ts_icl,current_velocity/15T/medium,0.7574821808322566,0.7554756057695067,-0.2649006291534528
ts_icl,current_velocity/15T/short,0.5193276902488002,0.518556517172881,-0.14849450364369243
ts_icl,current_velocity/5T/long,1.094042858375395,1.0617183754847843,-2.9545901829304055
ts_icl,current_velocity/5T/medium,0.6444202467460476,0.6377450644607593,-1.0358430417098385
ts_icl,current_velocity/5T/short,0.4066668349850924,0.40271741414388645,-0.9711686573483869
ts_icl,current_velocity/H/long,1.336026998331334,1.3346197910945625,-0.10532775449365595
ts_icl,current_velocity/H/medium,1.1721890498796566,1.170553630431998,-0.13951840343727762
ts_icl,current_velocity/H/short,0.7341018914487674,0.7315207163215212,-0.3516099273565665
ts_icl,epf_electricity_price/H/long,1.4069304810216317,1.4003610737406451,-0.4669319038575481
ts_icl,epf_electricity_price/H/medium,1.199227852091851,1.1975763346808137,-0.13771506458563065
ts_icl,epf_electricity_price/H/short,0.9572336152000714,0.9562140582747501,-0.10651077324611569
